Test, Number of Bodies, Steps, Time, 
1, 100, 1000, 0.878458
2, 100, 1000, 0.843624
3, 100, 1000, 0.815647
4, 100, 1000, 0.782702
5, 100, 1000, 0.779248
6, 100, 1000, 0.787424
7, 100, 1000, 0.785003
8, 100, 1000, 0.784143
9, 100, 1000, 0.785944
10, 100, 1000, 0.792595
